{"cameraMode":{"drawMode":0,"name":"Shaded","section":"Shading Mode"},"sceneLighting":true,"audioPlay":false,"sceneViewState":{"m_AlwaysRefresh":false,"showFog":true,"showSkybox":true,"showFlares":true,"showImageEffects":true,"showParticleSystems":true,"showVisualEffectGraphs":true,"m_FxEnabled":true},"in2DMode":false,"pivot":{"x":0.5399807095527649,"y":2.8263187408447267,"z":88.36515045166016},"rotation":{"x":0.007190301548689604,"y":-0.0054024639539420609,"z":-0.000038684567698510364,"w":-0.9999629259109497},"size":44.95908737182617,"orthographic":false}